Link,Title,Location,Summary
https://kr.indeed.com/viewjob?jk=464ad076ec3e1fa0,CHC – Business intelligence - TOM_2136,Sanofi 4.1 서울,"degree in related field Business-level experience with R, Python Experience owning the analytics and performance of a large..."
https://kr.indeed.com/viewjob?jk=25725b3c0e607311,Junior Quant Trader,Byzantine Partners 서울,background is a plus Programming capability is mandatory (i.e. Python) Understanding of machine learning algorithm is a plus...
https://kr.indeed.com/viewjob?jk=55a19c92c845685e,Developer / Designer recruit,마이뮤직테이스트 서울 논현동,"language (i.e Python, Ruby, Java, .Net... High proficiency in Python... knowledge... least one Python web framework..."
https://kr.indeed.com/viewjob?jk=7cb5c3076d1701db,"Field Applications Engineer, Audio",Dolby 서울,"High level or detailed knowledge of SOC design. C/C++, python coding skills. Knowledge of music, audio/video production..."
https://kr.indeed.com/viewjob?jk=e2edfe79297265d4,동진쎄미켐 2021년 2분기 신입 및 경력사원,동진세미캠 충청북도 음성,"화학공학 계열 - 우대사항 1) Python을 이용한 코딩 경험자 2... 신학 계열 - 우대사항 1) 전산 관련 전공 및 자격증 소지자 2) Python, JAVA, MS-SQL, 오라클 ERP 경험자 3) 어학 우수자..."
https://kr.indeed.com/viewjob?jk=aac8e9355cb855ac,[인재풀] 아티스트,Electronic Arts 서울,Maya or 3D Max등의 아트웍 툴 사용 경험 Max script 또는 Mel Script의 사용 경험 C# 또는 Python 언어에 대한 이해 및 활용 능력 아트웍 관련 툴 제작 또는 플러그인 제작 경험
https://kr.indeed.com/viewjob?jk=7d4ce148913a63c1,Data Scientist,Motion2AI 서울,"thinking to define unstructured problems - Experience with Python (pandas, numpy), R, SQL... VBA to deal... large..."
https://kr.indeed.com/viewjob?jk=a68b395e909a260f,"Data Analyst, Mid-Market",Criteo 서울,"scale Leverage Python and SQL to answer commercial requests Own and maintain reports/tools in Tableau, Python and other data..."
https://kr.indeed.com/viewjob?jk=eeb9fe1c361f0758,정보보안 담당자,Nexon 성남 분당구,보안 이벤트 분석 또는 상관관계 이벤트 분석 능력 보유 - OS 및 네트워크 관련 기초 지식 보유 - python 등의 간단한 스크립트 작성 능력보유 - 타인과의 원활한 커뮤니케이션 자세 - 새로운 기술에 대한 적극적...
https://kr.indeed.com/viewjob?jk=f646e85ff3e17ed8,Data Scientist - IBM Garage,IBM 3.9 서울,"programming languages to derive meaningful data insights (e.g., Python, R, Spark, TensorFlow, Jupyter, etc.) * Possess..."
https://kr.indeed.com/viewjob?jk=741cc6ac364ea9be,Internal Infra Engineer,Toss 서울 강남구,분 # 우대 사항 - Nutanix/VMWare 구축 운영 경험이 있으신 분 - Powershell 또는 Python 등을 사용한 시스템 관리 자동화 경험이 있으신 분 - 100명 이상 규모의 L3/L4 네트워크 관리 또는...
https://kr.indeed.com/viewjob?jk=afeaf9f2fdda7973,"Engr, Apps Dev 3",KLA-Tencor 대한민국,"working effectively with different cultures. Matlab/ Python experience is a plus. We offer a competitive, family friendly..."
https://kr.indeed.com/viewjob?jk=6533a3664d56a345,로봇 시스템 아키텍쳐 및 다중 분산 시스템 아키텍쳐,국내 대기업 / 화물 운송업 / 조단위 이상 매출 기업 서울 중구,"경험 또는 물류사업 이해도를 갖춘 경력 우대 • 요구조건 - 중급 이상의 프로그래밍 언어 (C/C++, Python, JAVA) 활용능력 보유자 - 영어/중국어 회화 중급(OPIc IM2 또는 이에 상응하는 레벨) 이상..."
https://kr.indeed.com/viewjob?jk=96688eea9c1a9e28,Security Engineer (취약점 분석),Toss 서울 강남구,"# 자격 요건 - 모의해킹 및 취약점 점검 경력이 있는 분 - 소스 코드 정적 취약점 점검에 능숙한 분 - Python, C, C++, JAVA 중 프로그래밍 언어에 능숙한 분 # 우대 사항 - 국내 또는 국외 버그 바운티..."
https://kr.indeed.com/viewjob?jk=8f016d624a8a37fb,SENIOR DATA ANALYST,Foot Locker 서울,"results... R, Python, or comparable... statistical analysis of A/B/N utilizing Python, R, or other comparable statistical..."
https://kr.indeed.com/viewjob?jk=752a4b5d63eac97c,Back-end Engineer (Python),Soomgo 서울 강남구,숨고의 백엔드 엔지니어( Python)는 숨고의 기반 기술을 담당하는 매우... 5년 이상의 웹/앱 서비스 백엔드 시스템 개발 경험이 있는 분 • Python 언어를 활용한 개발 경험이 있는 분 • 성능 최적화에 대해 지속적으로...
https://kr.indeed.com/viewjob?jk=3d1d443101798487,[2021인턴] AI R&D - Speech AI,엔씨소프트 2.7 성남 판교역,개발합니다. 지원자격 학력 : 전문학사 이상 필수조건 [ 이런 역량을 갖춘 NC 인턴을 찾습니다! ] - Python을 이용한 프로그래밍 경험이 있으신 분 - 데이터 마이닝/딥러닝/인공지능에 대한 기본 지식이 있으신 분...
https://kr.indeed.com/viewjob?jk=69ab0f58743cb713,21년 전문연구요원 (AI엔지니어),Nexon 성남 분당구,"대상자 - 병역의무가 없거나 면제된 분, 병역의 의무를 마치신 분은 본 공고의 대상에서 제외됨 - Python에 숙련된 프로그래밍 능력과 머신러닝 라이브러리 활용 경험 - 머신러닝과 강화학습에 관련된 지식 습득 혹은..."
https://kr.indeed.com/viewjob?jk=f2d73961c78cdd7a,[무료교육] 인공지능(AI) 서비스 개발 교육과정 1차 교육생,한국정보통신진흥협회 대한민국,인공지능)>인공지능(AI)|인터넷·IT·통신·모바일·게임>빅데이터·AI(인공지능)>데이터분석|인터넷·IT·통신·모바일·게임>빅데이터·AI(인공지능)> Python|인터넷·IT·통신·모바일·게임>빅데이터·AI(인공지능)>딥러닝
https://kr.indeed.com/viewjob?jk=409c1253b2dde75b,동국대학교 데이터분석팀 연구원(계약직) 채용공고,동국대학교 4.3 서울 필동,"자 4) 남자의 경우 병역필 또는 면제자 5) 한글, MS OFFICE 등 기본 문서작업 가능자 6) Python, R 프로그래밍 언어 사용 가능자 우대 2. 모집인원 : O명 3. 근무조건 및 계약기간 구 분..."
https://kr.indeed.com/viewjob?jk=a50fce6cc2cb57c9,자연어처리전문가 금융챗봇 만들어 갈 엔지니어,파운트 서울 충정로역,리에 필요한 알고리즘을 개발하고 Python으로 구현 및 성능 검증을 진행... Description - 자연어 처리에 필요한 알고리즘을 개발하고 Python으로 구현 및 성능 검증을 진행 - 자연어 전처리 (형태소 분석...
https://kr.indeed.com/viewjob?jk=19b7736d5aa3f7e5,Deep Learning Researcher - Speech Recogn...,Qualcomm Korea YH 서울,experience in machine learning Programming skill in Python or C/C++ Experience in PyTorch (preferred) or TensorFlow...
https://kr.indeed.com/viewjob?jk=74f109233a14e204,Technical Consultant Intern,Amazon Web Services Korea LLC 서울,Programming in one or more object-oriented languages like Java/ Python/C#/Ruby/Objective C/C++ · Knowledge... primary AWS...
https://kr.indeed.com/viewjob?jk=ce7849f8b35e1c3e,Technical Enablement Manager,DataDog 서울,"Kubernetes or Rancher etc.. Scripting languages like Python, Javascript, Ruby, Perl, Go, PHP, or Chef/Puppet etc.. Why You..."
https://kr.indeed.com/viewjob?jk=f069d006ba3ffa5a,(신입/경력) AR&AI 엔지니어,플레이스에이 성남 분당구,"Engine 중 1개 이상 능숙하게 다룰 수 있다 - C, C++, Python 등 프로그래밍 언어 중 1개 이상 능숙하게 다룰 수 있다... 다룰 수 있다 - C, C++, Python 등 프로그래밍 언어 중 1개..."
https://kr.indeed.com/viewjob?jk=ceb8243bc8ae3c35,[데이터 플랫폼]데이터 엔지니어 (전문연구요원 가능),버즈니 서울,및 유지보수 이런 분을 찾습니다 관련 업무 경력 최소 3년 이상 있으신 분 (전문연구요원의 경우 경력 무관) Python 및 기반 데이터 플랫폼 개발 경험이 있으신 분 Docker(Contatiner) 기반 시스템 환경 구축...
https://kr.indeed.com/viewjob?jk=6fac11c5a8fa9b96,검사 자동화 및 검사AI 분야 경력사원,LG이노텍 4.1 경기도 평택,"C++,Labview, R, Python 등 ) - AI 관련학과 전공 및 검사공정 AI 경력 3년이상 보유자 (딥러닝 모델설계/학습/배포, 딥러닝 성능 개선 ) - Python 언어와 딥러닝 프레임워크 (Tensorflow..."
https://kr.indeed.com/viewjob?jk=b1b1b1e754bccf6b,Security Engineer (모의해킹/취약점 점검),Toss 서울 강남구,"그바운트 경험이 있는 분 - 해킹대회 우승 경력이 있는 분 - 다양한 플랫폼 보안 진단 경험이 있는 분 - Python, C, C++, C#, JAVA 중 프로그래밍 언어에 능숙 하신 분 # 현업 인터뷰 - 토스가 투자 서비..."
https://kr.indeed.com/viewjob?jk=e5448ffc7d6ecf02,FPGA 플랫폼 엔지니어 (딥러닝 하드웨어 프로세서 개발),딥엑스 성남 분당구,"사용 경험(Chip Scope/SignalTap) - Language: Python/Perl, C/C++ - Vivado 또는 Synplify 또는... SignalTap) - Language: Python/Perl, C/C++..."
https://kr.indeed.com/viewjob?jk=3330430ae94277db,[타다]데이터 분석가/사이언티스트,쏘카 대한민국,"통계에 대한 지식 및 머신러닝에 대한 지식을 보유하고 있으며, 데이터 분석 실무 경험이 풍부하신 분 • R, Python(Pandas, Numpy, Scikit-learn) 등의 데이터 분석을 위한 언어를 1개 이상 능숙하게..."
https://kr.indeed.com/viewjob?jk=4b15dd8e45f0fd01,AR App Engineer,Hyperconnect 서울,"C/C++ OpenGL/Vulkan/Metal 1 ARcore ARKit 1 / / Java, Objective C(Swift), Python OpenCV (Image Processing... 10:00 - 7:00)"
https://kr.indeed.com/viewjob?jk=ef7a74269d5cddd6,Sales Operations Specialist,3M 4.0 서울,"Experience using Data and business intelligence Tool... Python, Power BI, etc. Proficiency in MS Office (advanced Excel..."
https://kr.indeed.com/viewjob?jk=3c516818303c4d51,Application Engineer (Silicondash),Synopsys 서울,"disk access Programming skill of TCL, Perl, JavaScript or Python Good documentation and reporting skills are required..."
https://kr.indeed.com/viewjob?jk=b574f1454ae36aab,Cross Border Ecommerce - Business Intell...,Shopee 서울,business analyst related roles Proficient in SQL and Python Strong analytical skill and sensitivity to data Strong oral...
https://kr.indeed.com/viewjob?jk=71c47ac87bb4087e,기술 인턴 인공지능 응용 연구/개발 인턴,써로마인드로보틱스 서울 관악구,"6개월) (협의) *모집 절차: 서류 à인터뷰(오프라인) *지원 자격: 프로그래밍 언어 활용 능력: Python, C, C++ 중 1가지 이상 데이터구조, 알고리즘 과목 이수 머신러닝과 딥러닝의 기본 개념 이해 머신러닝..."
https://kr.indeed.com/viewjob?jk=b85914d63eb05919,서울형 청년인턴 직무캠프 웹개발자 과정 교육생 / 교육·포폴·인턴 한번에,스프레틱스 대한민국,통신·모바일·게임>웹프로그래머> Python|인터넷·IT·통신·모바일·게임... 응용프로그래머>iOS|인터넷·IT·통신·모바일·게임>응용프로그래머> Python|인터넷·IT·통신·모바일·게임>응용프로그래머>머신러닝(ML)|인터넷...
https://kr.indeed.com/viewjob?jk=7333475de06b9365,DS부문 System LSI사업부 경력사원 채용공고,삼성전자 3.9 서울 서초동,"System S/W - Analog/Digital 회로설계, 회로 검증 - S/W 언어(C/C++/C#/ Python/Java) Coding 능력 - ARM Architecture, OS(Linux) 활용 경험..."
https://kr.indeed.com/viewjob?jk=a71ce64111ef635a,"대기업 딥러닝 기반 영상처리 개발자 (박사급, 판교)",인파트너스 서울,"개발 경험 보유 - Caffe, TensorFlow, Pytorch - Python, C/C++, Docker  C/C++/C# 언어 역량 보유... 게임>빅데이터·AI(인공지능)> Python|인터넷·IT·통신·모바일·게임..."
https://kr.indeed.com/viewjob?jk=b2260d1fb794c644,Cloud Support Engineer - Linux,Amazon Web Services Korea LLC 서울,"NoSQL(Redis, Memcached). · Programming/scripting in Python/Java/Shell/Perl/Ruby/PHP/etc. · Experience managing full..."
https://kr.indeed.com/viewjob?jk=56ae562b9563988d,Cognitive and AI Engineer,IBM 3.9 서울,"data science skills : Machine Learning, Deep Learning, Watson, Python, R, Spark Web application development skills Required..."
https://kr.indeed.com/viewjob?jk=d14b8e0abce71268,Software Engineer (Embedded/ Numerical C...,BOEING 서울,"than 1+ software languages (e.g. embedded C or C++, Java, Python, Java script, model based engineering and so on) English..."
https://kr.indeed.com/viewjob?jk=3cf01580ba5eb23a,NLP Researcher,AITRICS 서울,"Stacks [Back-end] Language: python, golang Python Framework: Django, Bottle [Front... Language: python, golang Python Framework..."
https://kr.indeed.com/viewjob?jk=1806287902a1a36e,[데이터센터] (경력/신입) 카카오 데이터센터 Data Scientist...,카카오 4.0 성남 판교역,"않고, 기술이 비즈니스 가치로 변모할 수 있는 그 가능성에 집중합니다. 지원자격 필수사항 Go, Python, Scala, Java, C/C++ 중 하나 이상의 언어에 능숙하신 분 SQL 또는 HiveQL에 능숙하신..."
https://kr.indeed.com/viewjob?jk=4adac8923476d038,프랭클린템플턴투신운용 Junior Trader (Quant base 필수...,프랭클린템플턴투신 대한민국,"object-oriented programming and intermediate programming proficiency in Python, R or MATLAB, and SQL are essential. Licenses..."
https://kr.indeed.com/viewjob?jk=36df1dfea186e63e,BIOS/Firmware Engineer,Intel 4.1 서울,"years experience required on BIOS/Firmware - Knowledge of C, Python... other programming or scripting languages - Broad..."
https://kr.indeed.com/viewjob?jk=df21e3bb5d773616,Python Programmer,Mofac 서울 서초구,개발 – JAVA 프로그래밍(라이브러리 활용) – Spring 프레임 워크 개발 – Python API 프로그래밍 우대사항 – Python 개발 경험 – Open Source 라이브러리 개발경험 – Web 표준에 대한 경험...
https://kr.indeed.com/viewjob?jk=63fa708f9257033a,Data Engineer,Dohands Company 서울,"Requirements , Pandas / R / SAS Tableau Data Insight Python PostgreSql, MySQL DB SQL... Kaggle Kafka Machine Learning..."
https://kr.indeed.com/viewjob?jk=233bbfd9781e846d,"Engr, Tech Supp 3",KLA-Tencor 대한민국,background Excel macro/code development for log analysis Python Database development for production Open to NCG (New College...
https://kr.indeed.com/viewjob?jk=649ccf047c868778,"금융 데이터 분석 엔진, 로보어드바이저 개발자",에스비씨엔 서울 영등포구,"시스템, 머신러닝, 자연어처리. 패턴분석 - 다음 언어에서 최소 한 가지 이상 능숙자: Java, C++, Python, JavaScript 우대사항 - 석사이상 컴퓨터공학 (Computer Science) 분야 또는..."
https://kr.indeed.com/viewjob?jk=5a79d308be3944d6,"기술연구소 정규직 연력(Java, Python, 기타)및 개발자 (경력1...",파인씨앤아이 서울 송파구,"트웨어 개발 및 AI, 통계분석I)- 경력 : Java 개발경험 10년이상-개발언어 : Java, C++, Python, Node 등 [근무시간 및 형태] 주 5일 근무 (오전) 9시 00분~(오후) 6시 00분 주소정근로시..."
https://kr.indeed.com/viewjob?jk=35127f8870ab9a20,"Natural Language Processing 연구원 (자연어처리, 텍스트마이닝) 채용, 석사이상",금융IT연구소 (대기업군) 서울,"연구개발, 과제관리 경험자 관련분야 실무경력 석사 2년이상(박사의 경우 실무경력 1년 이상) - 프로그래밍( Python or C/C++ or Java 등) 경험자 [우대사항] - NLP관련 솔루션 설계 및 개발 경험..."
https://kr.indeed.com/viewjob?jk=43f8edb38c7888c7,위메프오 서버개발자(정규직),위메프 2.8 대한민국,"데이터베이스 분산설계 및 미들웨어 개발 [자격사항] - 서버 프로그래밍 언어(PHP, Go, C/C++, Python, Java) 중 1개 이상 사용이 가능한 분 - 자료구조, 알고리즘, 분산처리 등 SW관련 기본지식 보유..."
https://kr.indeed.com/viewjob?jk=c88c0631fb47d0b4,Cloud Architect,Oracle 3.8 서울,"etc. Shell Script, Python or Java Script... development languages... Java and Python Development and operation experience..."
https://kr.indeed.com/viewjob?jk=b06176c3a7092e0a,Customer Facing Data Scientist,Ever Better Recruitment (EBR) 서울,ensure appropriate communication Experience in R or Python analysis Up to 50% off-site visits English ability to perform...
https://kr.indeed.com/viewjob?jk=f5b0e4923baeca2f,"MD, 플랫폼 개발자",슬래디티 경기도 의정부,유통·물류·운송·운전>유통·상품기획·MD>상품MD|인터넷·IT·통신·모바일·게임>컨텐츠·사이트운영>웹사이트운영·테스터|인터넷·IT·통신·모바일·게임>웹프로그래머>JAVA|인터넷·IT·통신·모바일·게임>웹프로그래머> Python
https://kr.indeed.com/viewjob?jk=f118ad0661f868d0,Sr Field Engineer II,Raytheon Intelligence & Space 경기도 오산 +1 지역,"Redhat Linux System Administration, UNIX shell/PERL/ python scripting, Cisco network administration, Oracle or Weblogic..."
https://kr.indeed.com/viewjob?jk=4ac1544f2b89722e,서비스플랫폼 구축 총괄 관리,제이앤제이글로벌컨설팅 서울 강남구,터넷·IT·통신·모바일·게임>응용프로그래머> Python|인터넷·IT·통신·모바일·게임>웹기획·웹마케팅·PM>PM|인터넷·IT·통신·모바일·게임>빅데이터·AI(인공지능)> Python|인터넷·IT·통신·모바일·게임>빅데이터·AI...
https://kr.indeed.com/viewjob?jk=c2a526dec9ba6c98,제품/솔루션 개발직 신입/경력,이젠고 서울 노원구,"개발자 나. (당사 솔루션 기반) 테스트자동화 개발 및 제반 수명업무 (신입/경력) - react, python, javascript 개발자 3. 참고 - 입사 지원 시 이력서, 자기소개서를 필히 제출해주시기 바라며 경력..."
https://kr.indeed.com/viewjob?jk=a25e09cf5d803404,Solutions Engineer (과장 ~ 부장급),Cloud Security & Application 서울 강남구,"orchestration solutions (OpenShipft, Kubernetes) Programming ( Python, JavaScript, Golang etc.) 근무 형태: 정규직 급여: 80,000,000원..."
https://kr.indeed.com/viewjob?jk=8821ea2678923e80,Senior Applied Scientist,Amazon Web Services Korea LLC 서울,"deep learning (e.g., CNN, RNN, LSTM) · Experience in using Python, R, or other programming language Machine learning (ML..."
https://kr.indeed.com/viewjob?jk=7a10f3521337083b,"Perception Engineer, Deep Learning - Aut...",NVIDIA 서울,"PyTorch, etc). Strong programming skills in C++... python. Outstanding communication and collaboration skills as we..."
https://kr.indeed.com/viewjob?jk=3b88e473dddfdaaf,"[해외취업] 힙합의류 쇼핑몰, 웹 개발자 - 째끼롸웃",아이씨엔그룹 서울 역삼동,"그 외 자격요건 1. Must be proficient in HTML, CSS, JavaScript and Python 2. Working knowledge of Databases. 3. Should have working..."
https://kr.indeed.com/viewjob?jk=b4183b305c5b7537,프로그래머 (어플리케이션 개발자 또는 웹개발자),오너클랜 서울 금천구,인터넷·IT·통신·모바일·게임>응용프로그래머>자바스크립트|인터넷·IT·통신·모바일·게임>응용프로그래머> Python|인터넷·IT·통신·모바일·게임>응용프로그래머>C#|인터넷·IT·통신·모바일·게임>웹프로그래머>웹개발|인터넷...
https://kr.indeed.com/viewjob?jk=0ffacbe3ec98a580,3ds Max Pipeline Developer,Scanline VFX 서울,"3ds Max Developer has advanced skills with Max, Python and C++ required for research, development and mentoring others.KEY..."
https://kr.indeed.com/viewjob?jk=ae22088cdea0b40c,(주)아이옵스 소프트웨어 개발자,아이옵스 대전 유성구,"트스트랩, 웹개발, C++, C#, python, java 등 1개 이상의... 우대사항] - 자바스크립트, 부트스트랩, 웹개발, C++, C#, python, java 등 1개 이상의 개발환경 능숙자 - Windows..."
https://kr.indeed.com/viewjob?jk=08a68b0bb9a4efdb,[국비지원] 미래유망분야 전문기술 교육생,대한상공회의소 서울기술교육센터 서울 강서구,통신·모바일·게임>빅데이터·AI(인공지능)>데이터분석|인터넷·IT·통신·모바일·게임>빅데이터·AI(인공지능)> Python|인터넷·IT·통신·모바일·게임>빅데이터·AI(인공지능)>머신러닝|인터넷·IT·통신·모바일·게임>빅데이터...
https://kr.indeed.com/viewjob?jk=5cd3013174a20a48,딥러닝 & 컴퓨터 비젼 개발 엔지니어 (Deep Learning/Comp...,더블미 서울 양재동,해석에 대한 기본적인 이해가 있으신 분 • 관련분야 석사 학위 이상 또는 개발 경험 2년 이상 • C++ / Python / OpenCV 개발 경험 [우대사항] • 딥러닝/컴퓨터버젼 관련 최신 논문을 이해하고 직접 구현...
https://kr.indeed.com/viewjob?jk=8df5412c2beb197f,소프트웨어 부문,맥시멈코퍼레이션 경상남도 진주,"인원 [담당업무] ㆍ업무:위그선 관제프로그램 개발 [C/C++ 개발필수, QT framework 개발우대, Python 개발우대] [자격요건] 경력사항: 신입, 경력(연차무관) 학력사항: 학력무관 직무기술: C/C++ 0 명..."
https://kr.indeed.com/viewjob?jk=bfa1ae74821d0025,건강식품 상품기획 / 영업 / 개발 / 온라인 MD,네이처프라임 서울 동대문구,프론트엔드|인터넷·IT·통신·모바일·게임>웹프로그래머>백엔드|인터넷·IT·통신·모바일·게임>웹프로그래머> Python|무역·영업·판매·매장관리>일반·법인영업>일반영업|무역·영업·판매·매장관리>일반·법인영업>법인영업|유통·물류...
https://kr.indeed.com/viewjob?jk=b3a2d26ed07e8ecc,글로벌 IT스타트업 / 백엔드 경력 정규직,제이떠블유커리어 서울,"인프라: AWS 메인언어: JavaScript(Node.js), Java 그 외 사용언어: Kotlin, Python 개발환경: macOS, IntelliJ Node.js 기반의 Main server + Sping Boot..."
https://kr.indeed.com/viewjob?jk=754be9e3d78fa802,2021년 상반기 R&D 개발자 (병역특례 가능/경력 무관),네오스텍 인천 연수구,"담당업무: - 블루투스 메시 기반 위치 추적 솔루션 개발 - 상기 솔루션의 임베디드 펌웨어 개발 - C(필수), Python, Javascript 프로그래밍 언어 사용 - 기술 지원 [자격요건] 경력사항: 무관 (신입도 지원..."
https://kr.indeed.com/viewjob?jk=fc6f30e6279fad9c,"딥러닝, 머신러닝 외 경력 정규직",㈜AI4Blockchain 경기도 군포,Android|인터넷·IT·통신·모바일·게임>응용프로그래머>iOS|인터넷·IT·통신·모바일·게임>응용프로그래머> Python|인터넷·IT·통신·모바일·게임>응용프로그래머>Windows|인터넷·IT·통신·모바일·게임>소프트웨어...
https://kr.indeed.com/viewjob?jk=2cba7f99a3af696d,AI 소프트웨어 개발 업무,(주)솔루게이트 서울 가산디지털단지역,"챗봇, 자연어, 인공지능, 음성인식과 연관된 논문 제출 경험자 4. 개발 언어 : JAVA, C , Python 근무 형태: 정규직 급여: 30,000,000원 - 70,000,000원 연봉 코로나19 관련 안내..."
https://kr.indeed.com/viewjob?jk=2d03a8e00016009c,[NAVER Cloud] 네이버클라우드 빅데이터플랫폼 상품개발 경력사원,네이버 서울,"라우드 빅데이터플랫폼 상품 개발 및 운영 [지원자격/ 필요역량] - 백엔드 개발 경력 2년 이상 - Java, Python,Go 중 한가지 언어를 능숙하게 사용할 수 있으신분 - Hadoop 및 Hadoop ecosystem..."
https://kr.indeed.com/viewjob?jk=3fc69646e3aa3740,(주)스포카 개발자 채용,스포카 서울 역삼동,"작성 등에 대해 거부감이 없고 습관이 잡혀 있는 분 [우대사항] - Python을 실무에서 사용한 경험이 있으신 분 -컴퓨터과학 분야에서 논문... 구는 Rust와 Haskell, Python을 사용합니다. iOS 개발자..."
https://kr.indeed.com/viewjob?jk=7b3f4dca01d22782,(주)솔라라이트 인공지능(AI)개발 인재,솔라라이트 대구 동구,공지능(AI)|인터넷·IT·통신·모바일·게임>빅데이터·AI(인공지능)> Python|인터넷·IT·통신·모바일·게임>빅데이터·AI(인공지능)>딥러닝|인터... 통신·모바일·게임>응용프로그래머> Python|인터넷·IT·통신·모바일·게임...
https://kr.indeed.com/viewjob?jk=b3239f04c376c1d0,IT PM/웹개발자/앱개발자/웹디자이너/앱디자이너,제이로고스 서울 용산구,"[직무내용] JAVA 및 Python 웹프로그램 개발 [정보기술>정보기술개발>DB엔지니어링] SQL활용 고급 SQL 작성하기,기본 SQL 작성하기 [정보기술>정보기술개발>NW엔지니어링] 네트워크 프로그래밍 구현 개발환경..."
https://kr.indeed.com/viewjob?jk=403dca14b7d396fa,(주)엘솔루 영업직군,㈜엘솔루 서울 서초구,통신·모바일·게임>웹프로그래머>HTML·DHTML·mHTML|인터넷·IT·통신·모바일·게임>웹프로그래머> Python|인터넷·IT·통신·모바일·게임>빅데이터·AI(인공지능)>음성인식|인터넷·IT·통신·모바일·게임>빅데이터·AI...
https://kr.indeed.com/viewjob?jk=c453c879f09c6644,2021년 이공계 전문기술 연수사업 취업연계 무료 교육생,우송대학교산학협력단 대전 동구,로그래머>VisualC|인터넷·IT·통신·모바일·게임>응용프로그래머> Python|인터넷·IT·통신·모바일·게임>웹프로그래머>JAVA|인터넷·IT·통신... 게임>빅데이터·AI(인공지능)> Python|인터넷·IT·통신·모바일·게임...
https://kr.indeed.com/viewjob?jk=99d2a4811a646b88,"[주식회사 쏘마] 백엔드, 프론트엔드 외 신입/경력 정규직",쏘마 성남 분당구,"있으신 분 한 가지 이상의 프로그래밍 언어에 대한 이해(C/C++, Python, Powershell 등)가 있으신 분 악성코드 분석 및 침해사고... 서적을 관심 있게 보시는 분 python 뿐만 아니라 다른 프레임워크에..."
https://kr.indeed.com/viewjob?jk=55dd8aeab0bee03e,대기업 시큐리티 카메라 SoC 개발자 (판교),인파트너스 서울,"RTL 설계 - System-Verilog 및 UVM 설계 - Python, C/C++ 가능 - Timing report 분석 가능(DC,PT... 게임>빅데이터·AI(인공지능)> Python|인터넷·IT·통신·모바일·게임..."
https://kr.indeed.com/viewjob?jk=fcd031afcf77cfad,골프존 경력채용 - AI개발(머신러닝/데이터 엔지니어),골프존 4.2 서울,야에서 그에 준하는 경험 - 영상 및 이미지 관련 (CV) 머신러닝/딥러닝 대한 기본적인 이해 및 C/C++/ Python 프로그래밍 경험 - 원활한 의사소통 및 협업 능력 - 논리적 사고 및 학습 능력 우대사항 - 5년 이상...
https://kr.indeed.com/viewjob?jk=4c064b7152a62560,(주)동진쎄미켐 2021년 2분기 신입 및 경력사원,동진쎄미켐 경기도 화성,인터넷·IT·통신·모바일·게임>응용프로그래머>머신러닝(ML)|인터넷·IT·통신·모바일·게임>응용프로그래머> Python|인터넷·IT·통신·모바일·게임>응용프로그래머>JAVA|전자·기계·기술·화학·연구개발>섬유·화학>고분자|전자...
https://kr.indeed.com/viewjob?jk=36ae5f764253d121,AI 연구 MLOps,코그넷나인 서울 서초구,"training, Deployment System) Kubernetes GPU Cluster 관리 자격요건 Python, Golang 을 이용한 실무 개발 경험 Git 사용 실무 경험 3년 이상 Linux 인프라 세팅..."
https://kr.indeed.com/viewjob?jk=9a09dbf989f3801c,"S/W 엔지니어, IT기술지원 신입/경력 정규직",시큐어키 서울 금천구,"관련 업무 경험자 [우대사항] - LPIC, 리눅스 마스터 보유자 - Database 관련 교육 이수자 - Python 관련 교육 이수자 또는 자격증 보유 [필수사항] 운전가능자 3 명 근무조건 고용형태: 정규직(수습기간3..."
https://kr.indeed.com/viewjob?jk=35f72aeb142bceaa,[NIT Service] NAVER IDC 서버 운영/관리(춘천),엔아이티서비스 강원도 춘천,"application 운영 경험 - Shell script, python 활용 가능 - 해외 데이터센터 인프라 구축 또는 운영 경험 - 국가보훈대상자... 경험 - Shell script, python 활용 가능 - 해외 데이터센..."
https://kr.indeed.com/viewjob?jk=a4b72e38fb50bde0,콘텐츠서비스개발- 데이터엔지니어,Nexon 성남 분당구,"ecosystem 에 대한 이해 - Python, Scala 등의 프로그... 경험이나 운영 경험 - 소프트웨어 빌드 및 배포 자동화 경험 - Python 또는 NodeJS를 활용한 시스템 개발 경험 - 프론트엔드 및 웹..."
https://kr.indeed.com/viewjob?jk=b56b61b3a441cbaf,[정규직] 기술연구소 백엔드 개발자,스페이스솔루션 서울 금천구,"추신 분 출퇴근 1시간 이내우대사항 웹 백엔드 개발 경력 1년 이상 .NET Core or Node.js, Python 개발 경험 RESTful API 개발 경험이 있으신 분 신규 기술을 습득하고 업무에 적용하는 것에 포용적..."
https://kr.indeed.com/viewjob?jk=be6db9aa6cb73fe8,[핀테크 및 결제 코스닥 상장사] 데이터 엔지니어 전문가,유앤파트너즈 서울 영등포구,"무기술: 빅데이터, 플랫폼기획, 플랫폼운영, 데이터수집분석, hdoop, elk, NoSQL, JAVA, Python, Node.js, ETL, 대용량데이터기타: Hdoop,ELK,NoSQL등 데이터 처리 플랫폼 경험자 우대..."
https://kr.indeed.com/viewjob?jk=97e7cdac4a9c1b58,"iOS, Android 외 신입/경력 정규직",스마트디아그노시스 서울 마포구,이미지 관련 (OpenCV) 머신러닝/딥러닝 대한 이해 및C/C++/ Python 프로그래밍 경험 - ML/DL 분야 석사 또는 관련 분야 2년 이상의... 통신·모바일·게임>응용프로그래머> Python|인터넷·IT·통신·모바일·게임...
https://kr.indeed.com/viewjob?jk=b3bad30597277db5,금융 AI 기술 연구 개발자 모집,엔씨소프트 2.7 성남 판교역,"및 연구/문제 해결 능력 - Python 언어에 능숙하신 분 2. 해당직... Recognition, Data/Text Mining 경험 보유 - Python, SQL 활용 우대사항 - AI 관련 전공자 - 금융 도메인에 대한..."
https://kr.indeed.com/viewjob?jk=9e1861e691426a98,Field AI Engineer,Graphcore 서울,"hardware acceleration technologies Experience with Python and C++... depth knowledge of computer architectures, high..."
https://kr.indeed.com/viewjob?jk=bc5131eb1f2981cb,이공지능(AI) / 딥러닝 / Computer Vision 경력자 정규직,더블미코리아 서울 서초구,관련분야 석사 학위 이상 또는 개발 경험 2년 이상 • C++ / Python / OpenCV 개발 경험 [우대사항] • 딥러닝/컴퓨터버젼 관련... 통신·모바일·게임>응용프로그래머> Python|인터넷·IT·통신·모바일·게임...
https://kr.indeed.com/viewjob?jk=b3a6c83c9debcb92,네이버 파이낸셜 플랫폼 운영,NIT Service 성남 삼평동,"Docker(kubernetes) 및 어플리케이션 배포 전략 지식 보유 - Shell script, python 및 web framework 등 기타 프로그래밍 언어 활용 가능 - 국가보훈대상자 및 장애인은 법령에 의거..."
https://kr.indeed.com/viewjob?jk=01fc064befef8e85,Business Analyst (Logistics Data and Ana...,Coupang 2.9 서울,"포함한 3~15년의 경력 소지한 분 (SQL 업무상 사용경력 적어도 3년 이상 필수) SQL, Excel, Python, R/SAS 혹은다른 통계 분석 소프트웨어 사용 경험 있는 분 우대사항: Hadoop, Spark..."
https://kr.indeed.com/viewjob?jk=3b92a246b4535cd9,Senior Support Engineer (APAC),Dataiku 서울,other database or BI technologies) Hands-on experience with Python... RWorking knowledge of various cloud technologies...
https://kr.indeed.com/viewjob?jk=bb83a9ca56d8a05c,[리니지2] MMORPG 서버 프로그래머 모집,엔씨소프트 2.7 성남 판교역,Windows Programming - Web Programming - Script languages ( Python 등) 제출서류 포트폴리오(필수) 전형단계 서류전형 1차 면접 NC TEST 2차 면접 처우협의 입사 도움말...
https://kr.indeed.com/viewjob?jk=e58c6fe6fd87f03e,Operations Associate (운영팀원) - 한국,Beam 서울,"business content • Proficiency in SQL, Python, R, GIS is advantageous 자격요건 • 학사학위... 완전한 문서 번역 가능 • SQL, Python, R, GIS 숙련자 우대..."
https://kr.indeed.com/viewjob?jk=34b0964ca90888bd,[2021인턴] Programming - 게임 엔진 개발,엔씨소프트 2.7 성남 판교역,"이해도가 높으신 분 - 멀티쓰레드에 대한 기본 지식과 Programming 스킬 및 경험이 있으신 분 - Python, Javascript 등 스크립트 언어 경험이 있으신 분 2. 그래픽스 프로그래밍 직무 - 그래픽스 관련..."
https://kr.indeed.com/viewjob?jk=61df4db7859da6ec,기계학습 전문가 모집,엔씨소프트 2.7 성남 판교역,"기간 : 2년 ~ 10년 필수조건 - 딥러닝 또는 강화학습 관련 전문 지식 및 R&D 경험 필수 - R&D에 python을 능숙하게 활용 할 수 있어야 하며, pytorch, tensorflow 등 딥러닝 라이브러리를 업무에..."
https://kr.indeed.com/viewjob?jk=0224e8cd9aba5320,Network Engineer,Blizzard Entertainment 서울,Environment and troubleshooting Linux network configuration. Python/Bash scripting experience. Bachelor’s degree in computer...
https://kr.indeed.com/viewjob?jk=45c29517caedf3cf,[내일애-2차 청년스타트업] (주)웨이센 R&D/경영지원직,웨이센 서울 강남구,"1) R&D [경력사항] - 신입, 경력1~3년, 관련학과 3년이상 [자격요건] - C, Python, Java 등의 프로그래밍 언어에 능숙하며 문제해결이 가능한 자 - Scipy, Pandas, Numpy 등을 이용한 데이..."
https://kr.indeed.com/viewjob?jk=1d2b22a2bcd3256f,[AI/Lab] AI 백엔드 엔지니어 (마케팅 분야),버즈니 서울,"으로 마케팅 인사이트 도출 – 보유하고 있는 빅 데이터를 활용하여 마케팅 인사이트 도출 이런 분을 찾습니다 Python 프로그래밍에 능숙하신 분 DB, 통계, 컴퓨터 기반 기술에 대한 이해를 가지신 분 이런 분은 더욱 좋습니..."
https://kr.indeed.com/viewjob?jk=8e5a18879d2bed73,[NAVER Cloud] System Engineering 경력사원,네이버 서울,"저닝, 설정 관리, 모니터링 등) 및 관리, 운영경험 - 운영에 필요한 도구 개발 (Shell / PHP / Python 중 하나 이상의 개발 경험) 역량 - Haproxy Server [ 우대사항] - 운영 자동화 경험이..."
https://kr.indeed.com/viewjob?jk=69ab0f58743cb713,21년 전문연구요원 (AI엔지니어),Nexon 성남 분당구,"대상자 - 병역의무가 없거나 면제된 분, 병역의 의무를 마치신 분은 본 공고의 대상에서 제외됨 - Python에 숙련된 프로그래밍 능력과 머신러닝 라이브러리 활용 경험 - 머신러닝과 강화학습에 관련된 지식 습득 혹은..."
https://kr.indeed.com/viewjob?jk=06f928ce5f4deff8,"디지털트윈(HTML5기반 Java/JScript/Mysql, R/Pyth...",로제타텍 성남 중원구,"지원자격 경력 신입·경력 학력 대학교졸업(4년) 성별 무관 기타 담당업무 디지털트윈 상의 응용 어플리케이션 설계 및 개발(Java, Oracle/Mysql) 업무 커리어 양식 지원 상세모집요강 접수기간/방법 시작일..."
https://kr.indeed.com/viewjob?jk=24a2513486b6daf6,[Creative] Technical Artist,PUBG 서울,"운드에 대한 숙련도 및 지식 시네마틱 영상 관련 제작 경험 또는 지식 캐릭터 리깅 가능 C++ 활용 능력, python활용 능력 MAYA, Substance Designer 경력 등 고용 형태 정규직 근무지 서울 본사 (서초..."
https://kr.indeed.com/viewjob?jk=db26147e9223e38a,[L'Oreal Korea] IT Business Analyst,L'Oreal 4.1 서울,"outcomes Proficiency in SQL Proficiency... least one of Python (preferred), Java, or C++ Strong understanding and hands..."
https://kr.indeed.com/viewjob?jk=62d6e765a010b922,【일본/미나토구 근무】게임 운영 회사 데이터 사이언티스트【한국어 필수】,株式会社ネクソン 대한민국,求める人材: * 【必須経験】 ・機械学習や統計知識を利用した実務経験1年以上 ・プログラミングの実務経験( Python、C++、Javaのいずれか)1年以上 ・韓国語 ビジネスレベル(上級)以上 【歓迎経験】 ・ゲームの開発経験、運用経...
https://kr.indeed.com/viewjob?jk=56d9b359cfbbf1de,Software Engineer (Embedded/ Numerical C...,BOEING 서울,"more than 1+ software languages (e.g. C, C++, C#, Java, Python, Java script, model based engineering and so on) Proper..."
https://kr.indeed.com/viewjob?jk=e7bbb39c4e50cf73,[디지털청년일자리 ] 인공지능 신입 개발자 (상세: 영상처리),사로리스 대구 북구,"직무내용] 영상처리 개발자 모집 - 언어 : Python, C++ - 상세업무 : 차량 인식 등 - 희망 전공 : 컴퓨터공학, 전자공학 관련 공학계 [근무시간 및 형태] 주 5일 근무 (오전) 9시 00분~(오후) 6시 00..."
https://kr.indeed.com/viewjob?jk=ae2c6294bc277408,Lead Technical Solutions Engineer,MightyHive 서울,Data Analysis in Python... R Machine... 와 같은 모바일 앱 트래킹 도구들을 위한 모바일 이벤트 트래킹 Python 또는 R 을 활용한 데이터 분석 Machine Learning...
https://kr.indeed.com/viewjob?jk=c5f5bde0edbca656,[주식회사 엠아이제이] H/W 개발 정규직 사원,엠아이제이 강원도 춘천,"가능한 자 필요사항 -신입 및 경력 -전자 회로 해석 가능자 -펌웨어 프로그래밍 언어 경험(C, Java, Python, C++, C#c Visual Basic, JavaScript 등) 학력 -초대졸/대졸 이상 우대사항..."
https://kr.indeed.com/viewjob?jk=48c50ff3b36a9af7,온톨리지 ( Ontology ) / 질의응답 ( Q&A ) / 챗봇 연구원 -금융대기업(연구소),금융 대기업 연구소 서울,"Engineering/정보검색/NLP/ /머신러닝/텍스트 마이닝 분야 연구 및 개발자 - 프로그래밍( python, java, C/C++ 중 한가지 이상) 가능자 [우대사항] - 챗봇, 상담시스템, Q&A시스템 구축 경험..."
https://kr.indeed.com/viewjob?jk=421d841e9b0746e7,[NAVER Cloud] MongoDB 데이터베이스 엔지니어 (DBA)...,네이버 서울,"구축, 운영, 트러블 슈팅 가능하신 분 - Backend 프로그래밍 협업 가능하신 분 (Node.js , Python 등) [ 우대사항] - 대규모/대용량 DB 운영환경을 경험하신 분 - 끊임없이 공부하고 적극적으로 공유하..."
https://kr.indeed.com/viewjob?jk=7d4bc2a107c6669b,Customer Engineer,Microsoft 4.2 서울,least 5 years welcome experience in model development using python or R. Experience in migrating from one database to another...
https://kr.indeed.com/viewjob?jk=166aa0c72e94a266,Business Data Analyst,Soomgo 서울 강남구,"즈니스에 적용하고 개선한 경험 (Google Optimize, Optimizely, 등) 우대사항 • Python 또는 R 을 사용하여 데이터 분석에 활용 가능 • 경영학, 통계학, 경제학, data analysis 등..."
https://kr.indeed.com/viewjob?jk=11760c4c5d39123f,【일본/미나토구 근무】게임 운영 회사 데이터 애널리스트,株式会社ネクソン 대한민국,経験】 ・ゲーム企業やIT企業でデータアナリスト / データサイエンティストとしてのプロジェクト管理経験4年以上 ・ Python、R、SQLの使用経験(使用経験とは、分析モデルを作りそれを使って分析ができるレベル) ・データ収集、加工、分析及び...
https://kr.indeed.com/viewjob?jk=5331de34a85a125a,[코그넥스] 딥러닝 연구원 (신입/경력/전문연구요원),코그넥스코리아 서울 서초구,"network 등) - Deep Learning 방법론에 대한 데모 프로그램 제작 및 제품화 코드 작성 ( Python / C++) - 다양한 종류의 제조업 이미지 데이터에 대한 탐색, 분석 및 전처리 모듈 구현 - 최신..."
https://kr.indeed.com/viewjob?jk=05aa5498d84c58e1,데이터 엔지니어(신입/경력),쏘카 대한민국,"있는 분 • 데이터 분석팀 및 유관 부서와의 원활한 소통을 위한 기본적인 쿼리 작성 능력을 갖춘 분 • Python 또는 Java, Scala, C++, C# 등의 언어를 최소 1개 이상 능숙하게 사용할 수 있는 분 • 대용..."
https://kr.indeed.com/viewjob?jk=98569acf584e0b31,Front-end 개발자,(주)위키시큐리티 서울,"HTML5, AngularJS, VUEJS, NODEJS, ELK Stack, GitLab/GitHub, Python o (우대) 정보통신 분야의 전문대/대학 졸업자 o (우대) 영어 쓰기/말하기/읽기/듣기 잘 하시는 분..."
https://kr.indeed.com/viewjob?jk=35127f8870ab9a20,"Natural Language Processing 연구원 (자연어처리, 텍스트마이닝) 채용, 석사이상",금융IT연구소 (대기업군) 서울,"연구개발, 과제관리 경험자 관련분야 실무경력 석사 2년이상(박사의 경우 실무경력 1년 이상) - 프로그래밍( Python or C/C++ or Java 등) 경험자 [우대사항] - NLP관련 솔루션 설계 및 개발 경험..."
https://kr.indeed.com/viewjob?jk=c2904158bb6c68c0,[신입/경력] 임베디드 소프트웨어 및 영상 인식 알고리즘 개발자,몹티콘 서울 구로구,"사용 언어 : C, C++, Python 3) 라즈베리 파이, 아두이노... 비젼, 영상 처리, 딥러닝 알고리즘 2) 사용 언어 : C, C++, Python 3) TensorFlow, Deep Learning 관련 지식 보유..."
https://kr.indeed.com/viewjob?jk=74ab1f408f53ca70,AI/ML Specialist Partner SA,Amazon Web Services Korea LLC 서울,"Spark and Hadoop. · Experienced in data processing with Python, R & SQL. · Experience with AWS services related to AI/ML..."
https://kr.indeed.com/viewjob?jk=c08c3a30bbe8dea0,배달로봇 dilly 로봇 소프트웨어 개발자(자율주행) (5년이상),우아한 형제들 서울 송파구,"ROS2) 기반의 이동로봇 개발 경험이 있는 분 - 컴퓨터 비전, 머신러닝 경험이 있는 분 - C/C++, Python 활용이 가능한 분 - 영어문서작성 및 회화 능력을 갖춘 분 - 다양한 직군과의 원활한 협업 및 의사소통..."
https://kr.indeed.com/viewjob?jk=dee1c9e840dc5691,Senior Field Applications Engineer,Dolby 서울,"Dolby’s ecosystem, products, business, and customers. Python coding skills. Interest in music, game/film audio or video..."
https://kr.indeed.com/viewjob?jk=6c70ee2fc3122925,[NAVER Cloud] MySQL 데이터베이스 엔지니어 (DBA) 경력...,네이버 서울,"분 - 새로운 기술이나 New Feature에 대해 관심이 많으신 분 - 기본적인 수준의 프로그래밍 (c, python, golang등)이 가능하신 분 [ 우대사항] - 대규모/대용량 DB 운영환경을 경험하신 분 - 끊임없..."
https://kr.indeed.com/viewjob?jk=e72f3421e3a0e344,경력 있는 로보 콘텐츠 개발자 (정규직),주)씽크풀 서울 영등포구,모집부문 및 자격요건 담당업무 자격요건 인원 [담당업무] 파이썬( Python) 콘텐츠 알고리즘 개발 [근무부서 및 직급/직책] 근무부서... 게임>빅데이터·AI(인공지능)> Python|인터넷·IT·통신·모바일·게임...
https://kr.indeed.com/viewjob?jk=80a65fe76f39fe46,[PUBG: NEW STATE] Data Analyst,PUBG 서울,"https://stackshare.io/pubg/xtrm-data 자격 요건 관련 경력 2년 이상 Python, SQL 등을 활용한 데이터 분석 경험자 데이터 시각화에 관심 많으신 분 한국에 거주하며, 한국어 의사소통..."
https://kr.indeed.com/viewjob?jk=385761a6f14de7c6,데이터분석가,RIDI Corp 서울,"데이터에 기반한 사고 능력 통계 기본 지식 및 모델링에 대한 이해와 활용 가능 데이터 처리 언어 (R, Python, Scala) 사용 경험 우대사항 리디 서비스 사용 경험 통계 모델링 또는 머신러닝 경험 데이터 시각화..."
https://kr.indeed.com/viewjob?jk=eeb9fe1c361f0758,정보보안 담당자,Nexon 성남 분당구,보안 이벤트 분석 또는 상관관계 이벤트 분석 능력 보유 - OS 및 네트워크 관련 기초 지식 보유 - python 등의 간단한 스크립트 작성 능력보유 - 타인과의 원활한 커뮤니케이션 자세 - 새로운 기술에 대한 적극적...
https://kr.indeed.com/viewjob?jk=3320fb43584e636f,빅데이터시스템 운영 엔지니어,케이티넥스알 서울 서초구,"eco 활용 경험자• Hive, Hbase, Spark 활용 경험자• 프로그래밍 개발 경험 (Java, Python 등)• Technical architect 수행 경력 0 명 근무조건근무지 : 서울 서초구 효령로 176..."
https://kr.indeed.com/viewjob?jk=65fbf450de2972b2,[PUBG: NEW STATE] 시네마틱 이펙터,PUBG 서울,"및 PUBG에 대한 관심과 이해 언리얼 머테리얼/블루프린트 제작에 능숙하신분 RnD 좋아하시는 분 C++, Python 사용 경험자 고용 형태 정규직 근무지 서초 본사 제출 서류 입사지원서 (자유 양식), 경력기술서 및 자기..."
https://kr.indeed.com/viewjob?jk=419692b3ddb34768,Analytics Specialist,MightyHive 서울,"end languages ( Python, NodeJS, PHP, etc... HTML5 / CSS / JavaScript, 기타 프론트 엔드 언어 ( Python, NodeJS, PHP 등) 등 읽고 쓰는 능력 기본 혜택..."
https://kr.indeed.com/viewjob?jk=741cc6ac364ea9be,Internal Infra Engineer,Toss 서울 강남구,분 # 우대 사항 - Nutanix/VMWare 구축 운영 경험이 있으신 분 - Powershell 또는 Python 등을 사용한 시스템 관리 자동화 경험이 있으신 분 - 100명 이상 규모의 L3/L4 네트워크 관리 또는...
https://kr.indeed.com/viewjob?jk=a746de9c7a6168ef,Healthcare Real World Data Analyst 담당자,IQVIA 서울,"HEOR 전반적인 업무 수행 Qualifications Claims Data 관련 분석 경력자 SAS / Python / R 등 통계 프로그래밍 언어 사용 가능자 통계학 전공자, 통계 및 Epidemiology 관련 석사..."
https://kr.indeed.com/viewjob?jk=8a48c202f69d2877,Front-end 웹/앱 개발자 (병역특례 가능),스마트디아그노시스 서울 마포구,"하여 Python기반의 Window App 개발 경험 보유 [담당업무] - Android, React(web) 기반의 UI위주의 구현 - Python... 통신·모바일·게임>응용프로그래머> Python|인터넷·IT·통신·모바일·게임..."
https://kr.indeed.com/viewjob?jk=49d127c231640d09,Field Service Engineer,Novetta 서울,"Experience with system administrative scripting. (bash, Python, etc.). Experience with modern server deployment techniques..."
https://kr.indeed.com/viewjob?jk=a3700308c877bb5b,"머신 비전 / AI 딥 러닝(AI기반 비전 알고리즘 개발, 응용 SW 프...",포에버링 서울 종로구,"가능자 4. 딥러닝 모델 생성, 머신비전 알고리즘 개발 가능자 5. 응용프로그램 개발 가능자(C++,C#, python 등) ※ 우대사항 1. 수학/물리/통계/소프트웨어/컴퓨터공학/시스템공학 2. GPU 프로그램 가능자..."
https://kr.indeed.com/viewjob?jk=f1ae54e41217f7a9,[자바 강사] 자바(JAVA) 개발자 양성 취업과정 훈련교사,TIS정보기술교육센터 서울 영등포구,인터넷·IT·통신·모바일·게임>응용프로그래머>인공지능(AI)|인터넷·IT·통신·모바일·게임>응용프로그래머> Python|교육·교사·강사·교직원>IT·문화·직업강사>인터넷·IT전문|교육·교사·강사·교직원>IT·문화·직업강사>직업...
https://kr.indeed.com/viewjob?jk=2da67b89b1d7139b,테크니컬 오디오 디자이너(Technical Audio Designer)...,엔씨소프트 2.7 성남 판교역,"능력 우대사항 - Wwise 자격증 보유 (101, 201, 251, 301) - 스크립팅 언어 활용 능력 ( Python, Lua, R 등) - 사운드 디버깅, 프로파일링을 활용한 문제 정의와 해결 능력 - C++ 언어 기초..."
https://kr.indeed.com/viewjob?jk=464ad076ec3e1fa0,CHC – Business intelligence - TOM_2136,Sanofi 4.1 서울,"degree in related field Business-level experience with R, Python Experience owning the analytics and performance of a large..."
https://kr.indeed.com/viewjob?jk=2b33400b94b52275,[NAVER Cloud] Network Engineering 경력사원,네이버 서울,"대규모 네트워크 설계, 구축, 운영경험이 있는 분 - 운영 자동화를 위한 운영도구 개발 경험이 있는 분 - Python, Ansible 등에 대한 이해와 이를 활용한 개발 경험이 있는 분 - 클라우드 네트워크 설계/구축/운영..."
https://kr.indeed.com/viewjob?jk=2239bd4610c52ca1,대기업 영상처리 관련 IP 개발자 (판교),인파트너스 서울,"Mentor Catapult HLS Tool 경험자 - Python 가능 [근무부서 및 직급/직책] 직급/직책: 대리, 과장, 차장 [자격요건... 게임>빅데이터·AI(인공지능)> Python|인터넷·IT·통신·모바일·게임..."
https://kr.indeed.com/viewjob?jk=9411b70d5e3e9d18,SK 바이오팜 Digital Healthcare 경력직 (신약개발 Big...,SK 바이오팜 경기도,"Pytorch, Keras 등) 연구 경력 보유 및 관련 논문 이해/ 활용 가능자 - 프로그래밍 언어 ( Python, R 등)를 활용한 OMICS 데이터 통계 분석 기술 보유 - 빅데이터 분석 경험, 유전체/ 의생명 데이..."
https://kr.indeed.com/viewjob?jk=18b288e9021d899f,NAVER IDC 서버 운영/관리,NIT Service 춘천 동면,"Web, WAS에 대한 지식과 System application 운영 경험 - Shell script, python 활용 가능 - 해외 데이터센터 인프라 구축 또는 운영 경험 - 국가보훈대상자 및 장애인은 법령에 의거 우대..."
https://kr.indeed.com/viewjob?jk=782874bec4e46540,Senior Data Scientist,뱅크샐러드 서울 영등포구,"이해하고 활용하는데 어려움이 없으신 분 데이터 분석/모델링을 위한 언어 및 프레임워크 사용에 익숙하신 분 ( Python, R, SQL, Pandas, TensorFlow, Pytorch, Spark 등) 회사 내부 구성원들과..."
https://kr.indeed.com/viewjob?jk=b647e33d03c852bb,[Data Science Div - PUBG Studio Analytic...,PUBG 서울,"data science and visualization libraries in Python or R Strong oral, organizational, and written communication skills..."
https://kr.indeed.com/viewjob?jk=809ed76ae2758581,웹솔루션 개발 사원 (JAVA/Python),대연씨앤아이 서울 구로구,"사원 채용 (JAVA/ Python) 모집부문 및 자격요건 담당업무 자격요건 인원 웹솔루션 개발자 채용 (JAVA/ Python)[담당업무]ㆍ태양광 발전... javascript, jquery), Python 언어 사용 가능한 Web..."
https://kr.indeed.com/viewjob?jk=e658236007117d98,Junior Business Analyst (Non-tech),Coupang 2.9 서울,"의와 체계적 사고체계를 갖추신 분 [우대 조건] 이커머스, 리테일, 물류 관련 도메인 경험을 보유하신 분 Python, R 등 기타 프로그램 언어 사용 경험을 보유하신 분 한국어 및 영어 모두 능숙한 커뮤니케이션이 가능하..."
https://kr.indeed.com/viewjob?jk=8f2594c778f57b5f,【일본/미나토구 근무】게임 운영 회사 데이터 애널리스트【프로젝트 관리 경험 2년 이상】,株式会社ネクソン 대한민국,ィストとしてのプロジェクト管理経験2年以上 ・大学(四年制大学、専門学校)のデータベース系や統計学部を卒業した方 ・ Python、R、SQLの使用経験(使用経験とは、分析モデルを作りそれを使って分析ができるレベル) ・データ収集、加工、分析及び...
https://kr.indeed.com/viewjob?jk=d14b8e0abce71268,Software Engineer (Embedded/ Numerical C...,BOEING 서울,"than 1+ software languages (e.g. embedded C or C++, Java, Python, Java script, model based engineering and so on) English..."
https://kr.indeed.com/viewjob?jk=241ae1e7499c461c,Security Engineer (모의해킹/취약점 점검),Toss 서울 강남구,"그바운트 경험이 있는 분 - 해킹대회 우승 경력이 있는 분 - 다양한 플랫폼 보안 진단 경험이 있는 분 - Python, C, C++, C#, JAVA 중 프로그래밍 언어에 능숙 하신 분 # 현업 인터뷰 - 결제 산업의 미래..."
https://kr.indeed.com/viewjob?jk=71c47ac87bb4087e,기술 인턴 인공지능 응용 연구/개발 인턴,써로마인드로보틱스 서울 관악구,"6개월) (협의) *모집 절차: 서류 à인터뷰(오프라인) *지원 자격: 프로그래밍 언어 활용 능력: Python, C, C++ 중 1가지 이상 데이터구조, 알고리즘 과목 이수 머신러닝과 딥러닝의 기본 개념 이해 머신러닝..."
https://kr.indeed.com/viewjob?jk=abbaed38ad85d926,데이터마이닝 / 정보검색 / NLP / 분산처리 연구원 -금융대기업(연구소),금융 대기업 연구소 서울,"1년이상 - 정보검색/NLP/분산처리/데이터베이스/머신러닝/데이터마이닝 분야 연구개발자 - 프로그래밍( Python, C/C++, Java 중 2가지 이상) 가능자 [우대사항] - Information Retrieval..."
https://kr.indeed.com/viewjob?jk=9bfb021ef570a8f4,[신성장]백엔드 엔지니어,버즈니 서울,경력이 최소 3년 이상 있으신 분 (필수) 서버 API 개발에 필요한 지식과 경험을 보유한 분 (필수) Python 프로그래밍 언어를 능숙하게 사용 가능 하신 분 린(LEAN)스타트업 프로세스를 이해하고 함께할 수 있는 분...
https://kr.indeed.com/viewjob?jk=e245570d8c9437c9,[더존ICT그룹] 신입 및 경력사원,더존비즈온 3.3 강원도 춘천,그래머>Ruby|인터넷·IT·통신·모바일·게임>웹프로그래머>프론트엔드|인터넷·IT·통신·모바일·게임>웹프로그래머> Python|인터넷·IT·통신·모바일·게임>웹프로그래머>ASP.NET|인터넷·IT·통신·모바일·게임>웹프로그래머...
https://kr.indeed.com/viewjob?jk=2600928767acb58d,딥러닝 MLOps 프론트엔드 개발자,써로마인드로보틱스 서울 관악구,통신·모바일·게임>응용프로그래머> Python|인터넷·IT·통신·모바일·게임>빅데이터·AI(인공지능)>인공지능(AI)|인터넷·IT·통신·모바일·게임>빅데이터·AI(인공지능)> Python|인터넷·IT·통신·모바일·게임>빅데이터...
https://kr.indeed.com/viewjob?jk=c2f5f53dc48263eb,Deep Learning Researcher – On-device AI...,Qualcomm Korea YH 서울,"experiences • Algorithm implementation experiences using python with deep learning platform, e.g. PyTorch, TensorFlow..."
https://kr.indeed.com/viewjob?jk=044d94c9abc7aa58,"[채용연계형 인턴] SW 개발, QA, SW 컨설턴트",주식회사 파수 서울 마포구,"격요건 ㆍOS(Windows / Linux / Unix)의 기술적인 이해를 보유한 자 ㆍJava, C, Python 등의 언어 프로그래밍 스킬 ㆍDB(SQL svr / Oracle / Mania)의 기술적 이해 및 Query..."
https://kr.indeed.com/viewjob?jk=19b7736d5aa3f7e5,Deep Learning Researcher - Speech Recogn...,Qualcomm Korea YH 서울,experience in machine learning Programming skill in Python or C/C++ Experience in PyTorch (preferred) or TensorFlow...
https://kr.indeed.com/viewjob?jk=069fad5c3ebf4306,연구소 개발부문 연구원 직원 (회로설계/하드웨어설계/머신비전/이미지프로세...,모든 경기도 광명,"그래밍 가능자 우대 S/W 설계 부문 : - OPEN CV, TENSORFLOW, YOLO, CUDA/ Python, C++, C WindowsGUL APL, MFC Lib 활용 가능자. 머신비전/ 영상처리 개발자 * 전기..."
https://kr.indeed.com/viewjob?jk=980f9177a7e389af,Automotive Linux/Android/Python S/W 개발자,겜마콘코리아 유한회사 서울 중구,Python S/W 개발자를 모집합니다. 모집부문 및 자격요건 모집부문 담당업무 및 지원자격 인원 Linux/Android 개발자 모집 Python... 통신·모바일·게임>응용프로그래머> Python|인터넷·IT·통신·모바일·게임...
https://kr.indeed.com/viewjob?jk=5b2574aec8e1d083,딥러닝 개발자 정규직,바이오에이아이 서울 강남구,"라우드 기반 인프라 활용 - 데이터 수집, 전처리, 통합 자격 조건 - 데이터, 딥러닝 분야에 대한 이해 - Python 코딩능력 - 리눅스 사용 경험 우대 사항 - 영어 리딩 능력 - 의약분야 프로젝트 경험 - 플랫폼개발에..."
https://kr.indeed.com/viewjob?jk=872b8d36cd8b45ba,"Product Applications Specialist, 3D visu...",Thermo Fisher Scientific 3.5 경기도 수원,"machine and deep learning. - Programming experience is a plus ( Python scripting, C++, Matlab... Excellent communication..."
https://kr.indeed.com/viewjob?jk=4fb244c694d68981,AIT 스토리 데이터사이언티스트 신입 및 경력직 중,로스토리 서울 서초구,"셨다면!! 상세 이력서 등록하기 지원양식 커리어 온라인 이력서 직무/산업 직무별(직종) 인공지능(AI).빅데이터인공지능(AI), 빅데이터, Hadoop, R, Python 산업별(업종) 솔루션.ASP.소프트웨어 소프트웨어개발"
https://kr.indeed.com/viewjob?jk=a56e68b9e1ffe86a,Associate Solutions Architect,Amazon Web Services Korea LLC 서울,"languages... Ruby, Python and Node... 현대 개발 언어에 대한 실무적 지식: 루비 (Ruby), 파이썬 ( Python), Node.js 등 · 개발자 및 IT 운영자 대상의 신기술 전파에..."
https://kr.indeed.com/viewjob?jk=ab53f492c0a1f259,음성 기술(딥러닝 기반 음성인식/합성 기술자) 부문 채용,코스피상상 대기업 계열사 서울 서초구,"전공자 ㅇ필요지식 · 머신러닝/딥러닝에 대한 기본 이론 · 음성 신호 처리에 대한 전문지식 ㅇ필요기술 · Python, Tensorflow 기반 딥러닝 알고리즘 개발 능력 • 기타사항 - 과장급 이상으로서 30대 중후반..."
https://kr.indeed.com/viewjob?jk=8af26b37623864c4,8퍼센트 개발자 (신입/경력),8퍼센트 서울 종로구,개발 금융 데이터 분석과 분석 플랫폼 운영 자격요건 컴퓨터 전공자 또는 웹 개발 경력 1년 이상 우대사항 Python 코드를 무리 없이 읽으실 수 있는 분 Linux/Mac 사용 가능한 분 새로운 기술에 대한 호기심을 가지신...
https://kr.indeed.com/viewjob?jk=84fd9f9deb6105b0,"웹개발, Python 외 신입/경력 계약직",쿠바로엠앤씨 서울 강서구,"주식회사 쿠바로엠앤씨 웹개발, Python 외 신입/경력 계약직 채용 모집... 게임>웹프로그래머>웹개발|인터넷·IT·통신·모바일·게임>웹프로그래머> Python|인터넷·IT·통신·모바일·게임>웹프로그래머>백엔드|인터넷·IT·통신..."
https://kr.indeed.com/viewjob?jk=add880a19f345249,"Customer Engineer, Machine Learning, Goo...",Google 4.3 서울,"Caffe, as well as numerical programming frameworks... Python or MATLAB. Preferred qualifications: Master's degree..."
https://kr.indeed.com/viewjob?jk=2b9e604e63e7e46d,[카카오커머스] 기술직군,카카오커머스 성남 분당구,"우대사항 - 전자금융 감독규정, PCIDSS에 대한 실무 경험이나 이해도가 높으신 분 - JAVA, Python, shell script 등 개발 역량을 갖추신 분 - 웹/앱 취약점 진단 및 모의해킹 역량을 갖추신..."
https://kr.indeed.com/viewjob?jk=46a84f9756bee779,실시간 금융거래서비스 IT 개발 및 운영,이지스엔터프라이즈 서울 금천구,"ㆍ서울특별시 ▶ 우대사항 ㆍJAVA, Spring Framework, oracle 유경험자 ㆍLinux, Python, Github, Open API 유경험자 ▶ 모집인원 ㆍ IT개발(경력)1명 ㆍ IT개발(신입)1명 인터넷..."
https://kr.indeed.com/viewjob?jk=1961cdd73f62c880,"Specialized Solutions Architect III, DW",Amazon Web Services Korea LLC 서울,"Knowledge... least one or more programing languages... Python, Java and Scala. · Hands on experience leading large..."
https://kr.indeed.com/viewjob?jk=1502306577f8b10a,"Solutions Architect, Manufacturing Speci...",Amazon Web Services Korea LLC 서울,"getting hands dirty with code/scripting (e.g., Java, Python, C# / .NET, Node.js). · Business level English for both written..."
https://kr.indeed.com/viewjob?jk=e29ab2210c23b65f,[진행중] 우리은행 빅데이터사업부 전문직(데이터 사이언티스트(데이터분석가...,우리은행 4.5 서울 회현동,ML/DL 기술을 활용한 분석모델 개발 및 서비스를 적용해 본 경험이 있는자 - 데이터 분석을 위한 언어( Python/R)를 하나 이상 능숙하게 다룰 수 있는자 우대사항 - 금융분야 ML/DL 관련 업무 경력 2년...
https://kr.indeed.com/viewjob?jk=6ffc6777e4269d57,Telecom Support Engineer,Amazon Web Services Korea LLC 서울,"Java or solving complex problems in Python, the ideal candidate will love using... complex problems in Python, the ideal..."
https://kr.indeed.com/viewjob?jk=687b9e16f739c6bc,데이터 분석 및 컨설팅분야 (경력직),한국정보기술단 과천 과천시,"데이터 분석 및 컨설팅 분야 ( Python, SAS, 빅데이터) 경력직... 데이터분석|인터넷·IT·통신·모바일·게임>빅데이터·AI(인공지능)> Python|인터넷·IT·통신·모바일·게임>빅데이터·AI(인공지능)>R|인터넷..."
https://kr.indeed.com/viewjob?jk=3d8c890cd0f75b23,Field Code Scanning Architect,Github 서울,"languages: C, C++, C#, JAVA, JavaScript/TypeScript, Python, Haskell, Ruby and Go. Experience with relational databases..."
https://kr.indeed.com/viewjob?jk=79ac23969bbd20ba,Computer Vision 개발자,인텔리코리아 서울 금천구,채용이 취소될 수 있습니다. 인터넷·IT·통신·모바일·게임>빅데이터·AI(인공지능)>머신러닝|인터넷·IT·통신·모바일·게임>빅데이터·AI(인공지능)>딥러닝|인터넷·IT·통신·모바일·게임>빅데이터·AI(인공지능)> Python
https://kr.indeed.com/viewjob?jk=1d89fe4b37ab05ed,"데이터마이닝, 빅데이터 큐레이터 외 신입/경력 정규직",에임즈인터내셔널코리아 서울 강남구,"있거나 이에 준하는 실질적인 기술 경력 -데이터를 다루기 위한 Python 혹은 R 등의 프로그래밍 능력 -SQL의 사용 능력 -데이터를 다루기 위한 Python, R, Java 중 1개의 프로그래밍 능력 -대용량 데이터..."
https://kr.indeed.com/viewjob?jk=d6c27e2108eafb61,Jr. Backend Developer,Delivery Tech Hero 서울,"어로 코리아는 국내 최대의 Python 개발 조직으로, 나아가 최고의 개발 조직이 되기 위해 노력합니다. Python 으로 server systems... 다져온 우리의 Python 개발 경험은 새로이 Python 세계에 들어오고..."
https://kr.indeed.com/viewjob?jk=ff626941e918bf66,Deep Learning Junior Engineer,Intel 4.1 서울,"PyTorch, and Caffe - Strong programming skills with C/C++ and Python - Experiences in programming and testing on Linux..."
https://kr.indeed.com/viewjob?jk=31c8ae4a133b5147,SW(모바일앱 및 웹개발) 신입/경력 정규직 개발자,더조인 서울 강남구,통신·모바일·게임>응용프로그래머>Android|인터넷·IT·통신·모바일·게임>응용프로그래머>iOS|인터넷·IT·통신·모바일·게임>응용프로그래머>인공지능(AI)|인터넷·IT·통신·모바일·게임>응용프로그래머> Python
https://kr.indeed.com/viewjob?jk=96688eea9c1a9e28,Security Engineer (취약점 분석),Toss 서울 강남구,"# 자격 요건 - 모의해킹 및 취약점 점검 경력이 있는 분 - 소스 코드 정적 취약점 점검에 능숙한 분 - Python, C, C++, JAVA 중 프로그래밍 언어에 능숙한 분 # 우대 사항 - 국내 또는 국외 버그 바운티..."
https://kr.indeed.com/viewjob?jk=47b130ad378a07a6,동국대학교 자율사물(AT)사업단 직원 채용,동국대학교 4.3 서울 필동,"5. 본교 건학이념인 불교정신을 이해하고 그 신앙생활에 동참하는 자 6. ROS 또는 동급 플랫폼 및 Python 프로그램 가능자 우대 7. 주행 및 드론 등 컴퓨터 비전 기반 제어 경험자 우대 * 연봉은 경력, 역량..."
https://kr.indeed.com/viewjob?jk=3330430ae94277db,[타다]데이터 분석가/사이언티스트,쏘카 대한민국,"통계에 대한 지식 및 머신러닝에 대한 지식을 보유하고 있으며, 데이터 분석 실무 경험이 풍부하신 분 • R, Python(Pandas, Numpy, Scikit-learn) 등의 데이터 분석을 위한 언어를 1개 이상 능숙하게..."
https://kr.indeed.com/viewjob?jk=a71ce64111ef635a,"대기업 딥러닝 기반 영상처리 개발자 (박사급, 판교)",인파트너스 서울,"개발 경험 보유 - Caffe, TensorFlow, Pytorch - Python, C/C++, Docker  C/C++/C# 언어 역량 보유... 게임>빅데이터·AI(인공지능)> Python|인터넷·IT·통신·모바일·게임..."
https://kr.indeed.com/viewjob?jk=088b5d4f65ea30aa,기업부설연구소 연구원,워너버스이노베이션 안산 상록구,후 결정 가능 [장애인채용희망여부] 비희망 [병역특례] - 비희망 [기타 희망내용] - 프로그래밍 스킬( Python/C#/기타언어)- Computer Science에 대한 소양을 가진 분- 문제해결 능력 및 성장 마인드셋...
https://kr.indeed.com/viewjob?jk=6ff3488d913b3389,Senior Data Warehouse Consultant,Amazon Web Services Korea LLC 서울,"bash, perl or python) ability · Ability... 평가 경험 · SQL 및 핸즈온 스크립팅 (bash, perl 또는 python) 경험 · 고객 / 파트너 팀과 관련된 업무를 주도 할 수있는 능력..."
https://kr.indeed.com/viewjob?jk=7a10af25a567bb7f,정보보호 담당자,씨디네트웍스 서울 강남구,"우대 사항 a. 비즈니스 영어 가능자 b. 오픈소스 경험자 c. 스크립트 언어 사용 가능자 ( python, shell, powershell 등 ..) d. 관련 자격증 (CISSP, CISA, CPPG, PIA..."
https://kr.indeed.com/viewjob?jk=158c45cc5515a90a,[어니컴(주)] 빅데이터 기계학습/파이썬/자바웹 개발자,어니컴 서울 용산구,Azure와 같은 클라우드 환경에서의 구축 경험 ㆍ Python 활용능력 혹은 Python 기반 프로젝트 수행 경험 ㆍ리눅스(혹은 유닉스) 계열... 구축 경험 ㆍ Python 활용능력 혹은 Python 기반 프로젝트 수행...
https://kr.indeed.com/viewjob?jk=2e471d0cf19be66c,Coupang Business Analyst (Non Tech),Coupang 2.9 서울,"판단력으로 멀티태스킹이 가능하신 분 우대 사항 이커머스 또는 인터넷 서비스 업계 근무 경력을 보유하신 분 Python, R 등 기타 Programming language 사용 경력을 보유하신 분 한국어, 영어 모두 능숙한..."
https://kr.indeed.com/viewjob?jk=cd40cf786e32f325,사내 및 서비스 보안 담당자 (경력),네오위즈 대한민국,"GuardDuty, WAF, VPC Flow Logs 분석 등)이 있으신 분 - 각종 스크립트 언어(Perl, Python, shell script 등)의 활용 능력을 가진 분 - 모바일 게임 앱에 대한 보안 검수 경험이..."
https://kr.indeed.com/viewjob?jk=dbd22d657df6841a,"C, C++, JAVA, PYTHON 프로그래머.",휴먼디지엠 서울 구로구,"모집직종, 모집인원, 학력, 전공, 고용형태, 근무예정지, 인근지하철, 직무내용, 경력조건, 필요경력, 자격면허, 병역, 병역특례, 외국어 능력, 컴퓨터 활용, 채용가능 장애유형, 장려금 지급 대상자 채용희망 등 구인정보..."
https://kr.indeed.com/viewjob?jk=112e58d399a83a19,BIM Manager,SYSTRA 서울,"Openroads, Navigator. Microsoft: Office 365. IT language: Python (A plus) Others: Dynamo (A plus) Job Segment: Engineer..."
https://kr.indeed.com/viewjob?jk=aa4f54d9c677fd73,인프라보안,NHN 4.4 성남 판교역,"영역별 취약점에 대한 충분한 이해 - CVE 보안취약점 분석 및 대응 역량 - C, Java, Python 등을 통한 업무 자동화 및 분석도구 개발 경험 - 리버스 엔지니어링에 능숙하거나 다수의 버그바..."
https://kr.indeed.com/viewjob?jk=5555958bdde0c7ec,[해외취업] Teamlab (チームラボ)IT엔지니어 정규직,포유스 서울 문정동,"아키텍처 설정, 처리의 자동화, 효율화, 범용화 2) 주요언어 ・Java、JavaScript、PHP、Ruby、 Python、Scala、Swift、Kotlin、C#、TypeScript、HTML5、CSS3등 ・SpringBoot..."
https://kr.indeed.com/viewjob?jk=0ff2c43b1e2621a5,PharmCADD 2021년 상반기 R&D센터 연구원 공개,팜캐드 서울 강남구,통신·모바일·게임>빅데이터·AI(인공지능)>딥러닝|인터넷·IT·통신·모바일·게임>빅데이터·AI(인공지능)> Python|인터넷·IT·통신·모바일·게임>빅데이터·AI(인공지능)>데이터분석|인터넷·IT·통신·모바일·게임>빅데이터...
https://kr.indeed.com/viewjob?jk=83f36f280c990457,Data Center Operations Engineer,Amzn Corporate Services Korea 서울,"vendors · Scripting skills - Bash, Python, Perl, etc. · Project coordination... 스크립팅 기술 - Bash, Python, Perl 등 보유자 · 프로젝트..."
https://kr.indeed.com/viewjob?jk=bc31f110ceb31a5d,"백앤드 개발자(Google Clound, Python Django)",아자스쿨 서울 마포구,"Clound, Python Django) 채용 모집부문 및 자격요건 담당업무 자격요건 인원 [업무요약] ㆍ Python + Django 기반의... 통신·모바일·게임>웹프로그래머> Python|인터넷·IT·통신·모바일·게임..."
https://kr.indeed.com/viewjob?jk=6a062e6906aadca2,Data Analyst,Toss 서울 강남구,"소지하신 분 혹은 경험이 풍부하신 분 - Data Warehouse 구축 지식이나 경험이 있으신 분 - Python, R, Spark 등 언어 및 데이터 프로세싱 프레임워크에 대한 이해도가 높은 분 - 필요한 데이터를 스스로..."
https://kr.indeed.com/viewjob?jk=f7b1614db947bf5f,Data Analyst,(주)한독 서울 강남구,"Skill ⊙ MS Office (특히, Excel 상) 활용 능통자 ⊙ 데이터 분석 Tool (SQL, Python, R) 활용자 우대 ⊙ Tableau, Power BI 활용 능통자 우대 [전형 절차] ⊙ 서류 전형..."
https://kr.indeed.com/viewjob?jk=1a66e50a934e8f0d,Senior Business Analyst (Customer Servic...,Coupang 2.9 서울,"BI or Tableau) (3) 우대사항 1) Hive, Presto, Redshift 경험 2) R, Python 경험 3) 중급 이상의 영어 회화 능력 4) E-commerce 경력 전형 절차 및 안내 사항..."
https://kr.indeed.com/viewjob?jk=ceb8243bc8ae3c35,[데이터 플랫폼]데이터 엔지니어 (전문연구요원 가능),버즈니 서울,및 유지보수 이런 분을 찾습니다 관련 업무 경력 최소 3년 이상 있으신 분 (전문연구요원의 경우 경력 무관) Python 및 기반 데이터 플랫폼 개발 경험이 있으신 분 Docker(Contatiner) 기반 시스템 환경 구축...
https://kr.indeed.com/viewjob?jk=acfa1e921e2fb115,Data Engineer - IBM Garage,IBM 3.9 서울,"Competitive products Deep skills on Data Warehouse, ETL, Python, Java and related algorithms. Expert Level – SQL, NoSQL..."
https://kr.indeed.com/viewjob?jk=56ae562b9563988d,Cognitive and AI Engineer,IBM 3.9 서울,"data science skills : Machine Learning, Deep Learning, Watson, Python, R, Spark Web application development skills Required..."
https://kr.indeed.com/viewjob?jk=3cf01580ba5eb23a,NLP Researcher,AITRICS 서울,"Stacks [Back-end] Language: python, golang Python Framework: Django, Bottle [Front... Language: python, golang Python Framework..."
https://kr.indeed.com/viewjob?jk=35127f8870ab9a20,"Natural Language Processing 연구원 (자연어처리, 텍스트마이닝) 채용, 석사이상",금융IT연구소 (대기업군) 서울,"연구개발, 과제관리 경험자 관련분야 실무경력 석사 2년이상(박사의 경우 실무경력 1년 이상) - 프로그래밍( Python or C/C++ or Java 등) 경험자 [우대사항] - NLP관련 솔루션 설계 및 개발 경험..."
https://kr.indeed.com/viewjob?jk=61de44a2ade660a0,정보보호 컨설팅 전문가 양성 과정,한국정보보호산업협회 서울,로그래머>백엔드|인터넷·IT·통신·모바일·게임>웹프로그래머>프론트엔드|인터넷·IT·통신·모바일·게임>웹프로그래머> Python|인터넷·IT·통신·모바일·게임>웹프로그래머>ASP.NET|인터넷·IT·통신·모바일·게임>웹프로그래머...
https://kr.indeed.com/viewjob?jk=4bd70fb8a220d90d,[Janssen] Data Scientist,Johnson & Johnson Family of Companies 4.2 서울,"Expertise in one or more programming languages... R, Python or SAS. 7. Knowledge of relational database architecture..."
https://kr.indeed.com/viewjob?jk=0c4a502533e74aac,"Research Intern, 2021",Google 4.3 서울,"Algorithmic Foundations of Optimization. Experience with Python, C++ and other general purpose program languages. Preferred..."
https://kr.indeed.com/viewjob?jk=287bcb6bc41d726d,[세종] IT 프로젝트 웹개발자 - 단기 근로자(2개월),시야인사이트 대한민국,"기타 담당업무 * Spring, Jsp 등 기술 경험 보유한 웹개발자 또는 해당 기술에 관심이 많은 자 ( Python, C# 사용 가능자 우대) - 1. 웹/솔루션 개발, 2. JAVA / Servlet / JSP 개발, 3..."
https://kr.indeed.com/viewjob?jk=2bc89fb4b05a2c88,[특허톤 참가자격/관련분야 취업연계] 2021년 빅데이터 전문가 양성과정...,한국여성과학기술인지원센터 서울 서대문구,통신·모바일·게임>웹프로그래머> Python|인터넷·IT·통신·모바일·게임... 데이터분석|인터넷·IT·통신·모바일·게임>빅데이터·AI(인공지능)> Python|인터넷·IT·통신·모바일·게임>빅데이터·AI(인공지능)>머신러닝|인터넷...
https://kr.indeed.com/viewjob?jk=be95b5718905880f,AI/빅데이터/클라우드 분야 (인재 Pool),LG유플러스 3.8 서울,"의미한 인사이트 발굴 - R, Python, SQL 등 Statistics... 등)의 다양한 솔루션을 활용하여 서비스 개발 경험자 2) Java, Python 등 프로그래밍 개발 경험 보유자 3) Container 기반 서비스..."
https://kr.indeed.com/viewjob?jk=e5ac7cfe5a23abe4,KDB캐피탈 경력직원,KDB캐피탈 서울 영등포구,웹프로그래머>JAVA|인터넷·IT·통신·모바일·게임>웹프로그래머> Python|인터넷·IT·통신·모바일·게임>응용프로그래머>클라우드|인터넷·IT·통신... 통신·모바일·게임>응용프로그래머> Python|인터넷·IT·통신·모바일·게임...
https://kr.indeed.com/viewjob?jk=d17da0baecf05910,데이터 분야 경력,LG CNS 3.7 서울,"해가 뛰어난 자 - R, Python, SAS, SQL 등 활용 역량 우대사항(해당 내용 중 1개 이상) - ML/DL 경험 인력 우대 - 관련 분야 석사 이상 학위 소지자 우대 - R, Python등 데이터분석 모델링 경험..."
https://kr.indeed.com/viewjob?jk=1f117386dac0e82e,"데이터 분석 솔루션 기반 웹프로그래머(Java, JSP, Python,...",비즈플러그 서울 송파구,"하여, Java, JSP, R, Python, 각종 DB 가능자를 우대합니... 우대합니다.- DW등의 설계 경력자 우대합니다.- AI(ML, DL, Python, R 등)에 유능한 분을 우대합니다. 인터넷·IT·통신·모바일·게임..."
https://kr.indeed.com/viewjob?jk=a64e1e21f61265ce,각 분야별 인재 Pool 등록,지투알 서울,"자 - 데이터 분석 툴(Adobe Analytics 또는 Google Analytics) 유경험자 우대 - Python, R, SQL 역량 보유자 우대 - 데이터에 기반한 문제해결 능력 및 통계학적 지식 보유자 우대 - 담당..."
https://kr.indeed.com/viewjob?jk=54e0d08c99dcf507,MI(Market Intelligence)담당 마케팅 전략 경력사원,LG전자 3.8 서울 영등포구,"마케팅 전략/방향성 도출 경험 보유 4) 우대 사항 - 통계 분석 및 프로그래밍 언어 역량 보유: R, python, Java, SPSS, Tableau, etc. - 영어 능통 역량: 해외법인과 영어 화상 회의 및 현지..."
https://kr.indeed.com/viewjob?jk=fd3f583d283b9cbf,[법무법인(유한)율촌] 로펌 경영정보팀 직원,법무법인율촌` 서울 강남구,"최종합격 제출서류 이력서 및 자기소개서 성적증명서 직무/산업 직무별(직종) 응용프로그래머SQL 서버.보안.네트워크.DBMS-SQL, MySQL 인공지능(AI).빅데이터R, Python 산업별(업종) 법무.세무.회계 법무법인"
https://kr.indeed.com/viewjob?jk=5d586ea25719e960,[Papago] 파파고 머신러닝(컴퓨터비전) 엔지니어 체험형 인턴,네이버 서울,"enhnacement [자격요건] · (학부/대학원) 컴퓨터비전/신호처리 관련 전공으로 재학 혹은 졸업하신 분 · Python 등의 프로그래밍 언어를 다루실 수 있는 분 · TensorFlow, PyTorch 등의 딥러닝..."
https://kr.indeed.com/viewjob?jk=56ef71094815c15d,Application Developer,Amazon Web Services Korea LLC 서울,"experience (e.g. Java, Python, C++, Scala... 너와 서버리스 기술 경험 · 프로그래밍 언어 경험 (예 : Java, Python, C ++, Scala, Go, Ruby 등) · 애플리케이션 개발..."
https://kr.indeed.com/viewjob?jk=d8d8801a2da78488,Python 신입/경력 알바,매직에코 서울 강남구,23시59분까지 접수방법: bit.ly/CODEMATE1기지원접수양식: 자사양식 기타 유의사항 입사지원서 및 제출서류에 허위사실이 있을 경우 채용이 취소될 수 있습니다. 인터넷·IT·통신·모바일·게임>웹프로그래머> Python
https://kr.indeed.com/viewjob?jk=70e41338b8e01711,도헌디지털의료혁신연구소 채용 공고,한림대학교성심병원 대한민국,"활용한 분석코드 작성 클라우드 플랫폼 활용 관련업무 학사이상 학위 취득자 NoSQL, Oracle, R, Python 가능자 우대 Common Data Model 경험자 우대 서버관리/정보보안, 텍스트마이닝 경험자 우대..."
https://kr.indeed.com/viewjob?jk=6533a3664d56a345,로봇 시스템 아키텍쳐 및 다중 분산 시스템 아키텍쳐,국내 대기업 / 화물 운송업 / 조단위 이상 매출 기업 서울 중구,"경험 또는 물류사업 이해도를 갖춘 경력 우대 • 요구조건 - 중급 이상의 프로그래밍 언어 (C/C++, Python, JAVA) 활용능력 보유자 - 영어/중국어 회화 중급(OPIc IM2 또는 이에 상응하는 레벨) 이상..."
https://kr.indeed.com/viewjob?jk=f21889e79ef40569,Sr. Data Architect,Amazon Web Services Korea LLC 서울,"Java, JavaScript, Python, etc). · Current... 최소 하나 이상의 프로그래밍 언어(Java, JavaScript, Python 등)로 소프트웨어 코드를 개발한 경험 구현 업무 실무 수행 가능..."
https://kr.indeed.com/viewjob?jk=7cb5c3076d1701db,"Field Applications Engineer, Audio",Dolby 서울,"High level or detailed knowledge of SOC design. C/C++, python coding skills. Knowledge of music, audio/video production..."
https://kr.indeed.com/viewjob?jk=2b09f13b5790dd69,2021년 한화시스템 방산부문 프로젝트/기간제 엔지니어 채용(상시),한화그룹 4.2 서울,분야 경험자 [우대 요건] 무인기 GCS 개발 유경험자 SW시험/분석 도구 개발 유경험자 C/C++/C#/ Python/JAVA 프로그래밍 숙련자 0명 판교 한화인1:1문의하기 활용 지휘통제-SW 계약기간 : 입사 시...
https://kr.indeed.com/viewjob?jk=7d4ce148913a63c1,Data Scientist,Motion2AI 서울,"thinking to define unstructured problems - Experience with Python (pandas, numpy), R, SQL... VBA to deal... large..."
https://kr.indeed.com/viewjob?jk=4b15dd8e45f0fd01,AR App Engineer,Hyperconnect 서울,"C/C++ OpenGL/Vulkan/Metal 1 ARcore ARKit 1 / / Java, Objective C(Swift), Python OpenCV (Image Processing... 10:00 - 7:00)"
https://kr.indeed.com/viewjob?jk=55584c627df1acaa,데이터 분석가/사이언티스트(신입/인턴 가능),쏘카 대한민국,"Sheet) 등 데이터 분석 도구를 원활히 다루시거나, 앞으로 원활히 다루고자 하는 의지가 높으신 분 • Python, R 등의 프로그래밍 언어 혹은 데이터 분석 언어를 1개 이상 능숙하게 사용 가능하신 분 전형절차 서류..."
https://kr.indeed.com/viewjob?jk=52f16cb494d61ecd,"[펜타시큐리티] 보안S/W 개발 및 기획자 (웹, 인증, 블록체인)",펜타시큐리티시스템 서울 영등포구,인터넷·IT·통신·모바일·게임>웹프로그래머>JAVA|인터넷·IT·통신·모바일·게임>웹프로그래머> Python|인터넷·IT·통신·모바일·게임>응용프로그래머>C·C++|인터넷·IT·통신·모바일·게임>응용프로그래머>JAVA|인터넷...
https://kr.indeed.com/viewjob?jk=8f016d624a8a37fb,SENIOR DATA ANALYST,Foot Locker 서울,"results... R, Python, or comparable... statistical analysis of A/B/N utilizing Python, R, or other comparable statistical..."
https://kr.indeed.com/viewjob?jk=4e91309fc89e9534,2020년 하반기 영업/기획/마케팅/개발 부문,아우토크립트 서울 영등포구,통신·모바일·게임>응용프로그래머> Python|인터넷·IT·통신·모바일·게임... 프로그래머> Python|인터넷·IT·통신·모바일·게임>웹프로그래머>JAVA|인터넷·IT·통신·모바일·게임>빅데이터·AI(인공지능)> Python|인터넷...
https://kr.indeed.com/viewjob?jk=7333475de06b9365,DS부문 System LSI사업부 경력사원 채용공고,삼성전자 3.9 서울 서초동,"System S/W - Analog/Digital 회로설계, 회로 검증 - S/W 언어(C/C++/C#/ Python/Java) Coding 능력 - ARM Architecture, OS(Linux) 활용 경험..."
https://kr.indeed.com/viewjob?jk=247d49c1cf4deea4,데이터 분석 및 데이터 마트 구축,녹십자헬스케어 서울 영등포구,이터 분석지원자격 1. 대졸 이상 학력 소지자 인터넷·IT·통신·모바일·게임>ERP·시스템분석·설계>데이터분석|인터넷·IT·통신·모바일·게임>통신·모바일>플랫폼(VM)|인터넷·IT·통신·모바일·게임>응용프로그래머> Python
https://kr.indeed.com/viewjob?jk=ffe6ea49b31384fa,혁신성장 청년인재 집중양성 인공지능 창의융합형 인재 양성과정,에프앤이노에듀 서울,게임>웹프로그래머>백엔드|인터넷·IT·통신·모바일·게임>웹프로그래머> Python|인터넷·IT·통신·모바일·게임>응용프로그래머>C#|인터넷·IT·통신... 게임>빅데이터·AI(인공지능)> Python|인터넷·IT·통신·모바일·게임...
https://kr.indeed.com/viewjob?jk=dfb20fa220f3c478,"빅데이터, 인공지능(AI) 외 신입/경력 인턴",스칼라웍스 대한민국,인공지능)>인공지능(AI)|인터넷·IT·통신·모바일·게임>빅데이터·AI(인공지능)>데이터분석|인터넷·IT·통신·모바일·게임>빅데이터·AI(인공지능)> Python|인터넷·IT·통신·모바일·게임>빅데이터·AI(인공지능)>딥러닝
https://kr.indeed.com/viewjob?jk=9acc17c535b42959,2021년 (신입) 전문연구요원 모집,NHN 4.4 성남 판교역,"병역특례 전문연구요원 - Python/C++/Java/C# 개발 경험... 유연한 사고와 원활한 커뮤니케이션 능력 우대 - C/C++, Python 등 개발 숙련자 우대 공통지원자격(필수) - 해당 분야 석사 이상..."
https://kr.indeed.com/viewjob?jk=1cbd7b05f73428c4,AI 비전 인식 시스템 및 아키텍쳐 설계 알고리즘 개발,국내 대기업 / 화물 운송업 / 조단위 이상 매출 기업 서울 중구,"제어 SW 개발 또는 구축 프로젝트 경험자 • 요구조건 - 프로그래밍 언어 활용 능력(C / C++, Python) - 주요 머신러닝 및 비전 패키지 활용 능력 - 리눅스OS 기반 개발 - 임베디드 시스템 개발 - DB..."
https://kr.indeed.com/viewjob?jk=59db18a2366b2c92,AI 분야 석/박사,LG CNS 3.7 서울,"이상 (AI 관련 논문 발표) ② AI/딥러닝 알고리즘 연구개발 프로젝트 경험 ③ Ubuntu Linux, Python, Tensorflow, PyTorch 사용 중상급 이상 우대사항(해당 내용 중 1개 이상) ① AI/머신..."
https://kr.indeed.com/viewjob?jk=f2d73961c78cdd7a,[무료교육] 인공지능(AI) 서비스 개발 교육과정 1차 교육생,한국정보통신진흥협회 대한민국,인공지능)>인공지능(AI)|인터넷·IT·통신·모바일·게임>빅데이터·AI(인공지능)>데이터분석|인터넷·IT·통신·모바일·게임>빅데이터·AI(인공지능)> Python|인터넷·IT·통신·모바일·게임>빅데이터·AI(인공지능)>딥러닝
https://kr.indeed.com/viewjob?jk=b8c6ad4bd3f32e3d,AI 개발자,넷아이디 서울 강남구,인터넷·IT·통신·모바일·게임>응용프로그래머>머신러닝(ML)|인터넷·IT·통신·모바일·게임>응용프로그래머> Python|인터넷·IT·통신·모바일·게임>ERP·시스템분석·설계>인공지능(AI)서비스기획|인터넷·IT·통신·모바일...
https://kr.indeed.com/viewjob?jk=76f960115f85aa5b,대기업 빅데이터 분석 전문가,국내 대기업 / 화물 운송업 / 조단위 이상 매출 기업 서울 중구,"서비스 분석 경험자 우대 • 요구조건 - 대용량 DBMS 처리 - 분석 지원 언어/패키지(SQL/SAS/R/ Python/Spark) 사용가능자 또는 자격증 보유자 - 빅데이터 Tool (Hadoop, Hive, Hbase..."
https://kr.indeed.com/viewjob?jk=e8a4630bec0783e8,2021 Market Data Analyst - Seoul,Bloomberg 서울,"work experience using one more programming language... Python, SQL and R Fluency in Korean and English (both spoken..."
https://kr.indeed.com/viewjob?jk=3bb031f95312c279,"Principal, Back end Engineer (Service an...",Coupang 2.9 서울,"10년 이상 Java/Scala/ Python을 사용한 소프트웨어 디자인 및... design/coding using Java, Kotlin, C#, Python or other languages A well rounded team..."
https://kr.indeed.com/viewjob?jk=ef7a74269d5cddd6,Sales Operations Specialist,3M 4.0 서울,"Experience using Data and business intelligence Tool... Python, Power BI, etc. Proficiency in MS Office (advanced Excel..."
https://kr.indeed.com/viewjob?jk=e2edfe79297265d4,동진쎄미켐 2021년 2분기 신입 및 경력사원,동진세미캠 충청북도 음성,"화학공학 계열 - 우대사항 1) Python을 이용한 코딩 경험자 2... 신학 계열 - 우대사항 1) 전산 관련 전공 및 자격증 소지자 2) Python, JAVA, MS-SQL, 오라클 ERP 경험자 3) 어학 우수자..."
https://kr.indeed.com/viewjob?jk=5a79d308be3944d6,"기술연구소 정규직 연력(Java, Python, 기타)및 개발자 (경력1...",파인씨앤아이 서울 송파구,"트웨어 개발 및 AI, 통계분석I)- 경력 : Java 개발경험 10년이상-개발언어 : Java, C++, Python, Node 등 [근무시간 및 형태] 주 5일 근무 (오전) 9시 00분~(오후) 6시 00분 주소정근로시..."
https://kr.indeed.com/viewjob?jk=9d05b48e020daca2,Solutions Architect II,Amazon Web Services Korea LLC 서울,"languages... Ruby, Python and Node... 현대 개발 언어에 대한 실무적 지식: 루비 (Ruby), 파이썬 ( Python), Node.js 등 · 개발자 및 IT 운영자 대상의 신기술 전파에..."
https://kr.indeed.com/viewjob?jk=c3fe1cbc5e1ae20b,Technical Support Representative(사원급),IBM 3.9 서울,"k8s, Cloud, Dev/Ops 등 최신 IT 기술에 대한 학습 및 구현 경험 • Java, Python 등을 활용한 오픈소스 관련 개발 경험 Required Technical and Professional..."
https://kr.indeed.com/viewjob?jk=5121411daf2f065e,[법무법인(유)율촌] 경영정보팀 직원,법무법인 (유한)율촌 서울 강남구,"- 신입 ~ 5년 경력자 - SQL, Python, R 등 데이터 분석 도구... 이상직무기술 : 경영정보팀기타 - 신입 ~ 5년 경력자 - SQL, Python, R 등 데이터 분석 도구 사용 능력 (한 가지 이상 필수) - 데이..."
https://kr.indeed.com/viewjob?jk=b86da88c2546f564,"Software Engineer, University Graduate",Google 4.3 서울,"languages, including... limited to: Java, C/C++, Python, JavaScript, or Go. Experience working with one or more from..."
https://kr.indeed.com/viewjob?jk=68ebf21fb4b4e7eb,(주)엘솔루 웹 프로그래머,㈜엘솔루 서울,그래머>웹개발|인터넷·IT·통신·모바일·게임>웹프로그래머>JAVA|인터넷·IT·통신·모바일·게임>웹프로그래머> Python|경영·인사·총무·사무>경영·기획·전략>경영기획|경영·인사·총무·사무>경영·기획·전략>사업기획|경영·인사...
https://kr.indeed.com/viewjob?jk=56b4455ed9883821,석유화학사업본부 AI/BIg Data 분야 경력사원,LG화학 서울 영등포구,모델 구축 (연간 과제 수행 건수 : 3~4건) - 주요 언어는 Python이며 R도 가능(C등 Compiler 언어는 미사용) - Decision... 알고리즘 활용 역량 - Python/C++/Java/C# 프로그램 역량...
https://kr.indeed.com/viewjob?jk=1e974ff27c6eb340,Autonomous Driving 분야 엔지니어,포티투닷 서울 강남구,"프로그래밍 기술 (C/C++, Python 등) - 이동 로봇/드론 관련... platform 개발 경험 - 뛰어난 프로그래밍 기술 (C/C++, Python) - 3D geometry, math, physics 관련 경험 및..."
